{"train_nfc_loss": NaN, "val_nfc_loss": 0.5446602038798793, "epoch": 1, "current_lr": 0.0002, "timit_val_cpc_1_f1": 0.7594179163922101, "timit_val_cpc_1_precision": 0.7431499212038873, "timit_val_cpc_1_recall": 0.7764245315610869, "timit_val_cpc_1_rval": 0.7911163556582786, "timit_val_cpc_1_max_rval": 0.8662946380118748, "timit_val_cpc_1_max_rval_epoch": 4, "val_max_rval": 0.8662946380118748, "_runtime": 13311, "_timestamp": 1631092907, "_step": 1000, "test_nfc_loss": 0.5115566121041775, "timit_test_cpc_1_f1": 0.8381824467983794, "timit_test_cpc_1_precision": 0.8338405044227869, "timit_test_cpc_1_recall": 0.8425799489467826, "timit_test_cpc_1_rval": 0.8617537901063155, "timit_test_cpc_1_max_rval": 0.8617537901063155, "timit_test_cpc_1_max_rval_epoch": 0, "test_max_rval": 0.8617537901063155, "_wandb": {"runtime": 13311}}