{"train_nfc_loss": NaN, "val_nfc_loss": 0.5436784230893658, "epoch": 1, "current_lr": 0.0002, "timit_libri_val_cpc_1_f1": 0.8134921911653366, "timit_libri_val_cpc_1_precision": 0.807488985894836, "timit_libri_val_cpc_1_recall": 0.8195954754027888, "timit_libri_val_cpc_1_rval": 0.8404034520522324, "timit_libri_val_cpc_1_max_rval": 0.8668245499846986, "timit_libri_val_cpc_1_max_rval_epoch": 9, "val_max_rval": 0.8668245499846986, "_runtime": 616, "_timestamp": 1632646546, "_step": 50, "test_nfc_loss": 0.5100720685720443, "timit_libri_test_cpc_1_f1": 0.8185873379770536, "timit_libri_test_cpc_1_precision": 0.7836541316485989, "timit_libri_test_cpc_1_recall": 0.8567912471793537, "timit_libri_test_cpc_1_rval": 0.8309038933252025, "timit_libri_test_cpc_1_max_rval": 0.8309038933252025, "timit_libri_test_cpc_1_max_rval_epoch": 0, "test_max_rval": 0.8309038933252025}